<?xml version="1.0" encoding="utf-8" ?> 

<!--********** Copyright 2015 Roku Corp.  All Rights Reserved. **********-->

<component name="HomeScene" extends="OverhangPanelSetScene" >

<children>
  <LabelList id="categoriesList" translation="[50, 125]">
    <ContentNode id="categoriesListItems"
      role = "content" >
      <ContentNode title = "Sports" />
      <ContentNode title = "Shows" />
      <ContentNode title = "Nighttime" />
      <ContentNode title = "Favorites" />
    </ContentNode>
  </LabelList>

  <MyPosterGrid id="theGrid" />

</children>
<!-- BrightScript Portion -->
<script type="text/brightscript" >
<![CDATA[
    '** 
    '** Example: Edit the Label component with BrightScript
    '**

    function init()
      print "homeScene.init()"
      scene = m.top
      m.list = scene.findNode("categoriesList")
      m.list.setFocus(true)
      m.listContents = m.list.findNode("categoriesListItems")
      
      newListItem = createObject("roSGNode", "ContentNode")
      newListItem.setFields({"title":"JEFF"})
      m.listContents.appendChild(newListItem)
      
      newListItem = createObject("roSGNode", "ContentNode")
      newListItem.setFields({"title":"CHRIS"})
      m.listContents.insertChild(newListItem, 0)
      
      'Set the font size
      'm.myLabel.font.size=92

      'Set the color to light blue
      'm.myLabel.color="0x72D7EEFF"

      m.list.observeField("itemSelected", "itemSelectedChanged")

      '**
      '** The full list of editable attributes can be located at:
      '** http://sdkdocs.roku.com/display/sdkdoc/Label#Label-Fields
      '**
    end function

    function itemSelectedChanged()
      print "itemSelected =" + stri(m.list.itemSelected)
      print "itemSelected.title = " + m.listContents.getChild(m.list.itemSelected).title
      grid = m.top.findNode("theGrid")
      grid.setFocus(true)
      grid.jumpToItem = 7
    end function
]]>
</script>
<!-- End of BrightScript Portion -->
</component>
